# --------------------------------------------------------
# Host:                         127.0.0.1
# Server version:               5.5.14
# Server OS:                    Win32
# HeidiSQL version:             6.0.0.3603
# Date/time:                    2011-08-15 09:18:52
# --------------------------------------------------------

/*!40101 SET @OLD_CHARACTER_SET_CLIENT=@@CHARACTER_SET_CLIENT */;
/*!40101 SET NAMES utf8 */;
/*!40014 SET @OLD_FOREIGN_KEY_CHECKS=@@FOREIGN_KEY_CHECKS, FOREIGN_KEY_CHECKS=0 */;
/*!40101 SET @OLD_SQL_MODE=@@SQL_MODE, SQL_MODE='NO_AUTO_VALUE_ON_ZERO' */;

# Dumping database structure for hydrodb
CREATE DATABASE IF NOT EXISTS `hydrodb` /*!40100 DEFAULT CHARACTER SET latin1 COLLATE latin1_spanish_ci */;
USE `hydrodb`;


# Dumping structure for table hydrodb.actuador
CREATE TABLE IF NOT EXISTS `actuador` (
  `ID_actuador` int(10) NOT NULL,
  `FK_Actuador_RTU` int(10) NOT NULL,
  `direccion_memoria` int(10) DEFAULT NULL,
  `nomenclatura` varchar(50) COLLATE latin1_spanish_ci DEFAULT NULL,
  `descripcion` varchar(200) COLLATE latin1_spanish_ci DEFAULT NULL,
  `gradual` int(11) NOT NULL,
  PRIMARY KEY (`ID_actuador`),
  KEY `FK_Actuador_RTU` (`FK_Actuador_RTU`),
  CONSTRAINT `FK_Actuador_RTU` FOREIGN KEY (`FK_Actuador_RTU`) REFERENCES `rtu` (`ID_RTU`)
) ENGINE=InnoDB DEFAULT CHARSET=latin1 COLLATE=latin1_spanish_ci COMMENT='Tabla de Actuadores y sus características';

# Dumping data for table hydrodb.actuador: ~13 rows (approximately)
/*!40000 ALTER TABLE `actuador` DISABLE KEYS */;
REPLACE INTO `actuador` (`ID_actuador`, `FK_Actuador_RTU`, `direccion_memoria`, `nomenclatura`, `descripcion`, `gradual`) VALUES
	(1, 1, 40003, 'ACC0003', 'Compuerta de Desvío de Agua', 0),
	(2, 1, 40004, 'ACC0004', 'Compuerta de Ingreso de Agua a la Tubería Forzada', 0),
	(3, 2, 40003, 'AT10003', 'Válvula Mariposa', 0),
	(4, 2, 40004, 'AT10004', 'Bypass Válvula Mariposa', 0),
	(5, 2, 40006, 'AT10006', 'Frenos Turbina', 1),
	(6, 2, 40007, 'AT10007', 'Apertura de los alabes', 1),
	(7, 2, 40011, 'AT10011', 'Sistema Integral de Refrigeración por aceite y agua', 0),
	(8, 2, 40015, 'AT10015', 'Frenos Generador', 1),
	(9, 2, 40016, 'AT10016', 'Generador', 0),
	(10, 2, 40017, 'AT10017', 'Regulador de Velocidad', 0),
	(11, 2, 40018, 'AT10018', 'Equipo de Excitación', 0),
	(12, 2, 40019, 'AT10019', 'Unidad de Sincronización', 0),
	(13, 3, 40002, 'ASA0002', 'Compuertas de Mantenimiento', 0);
/*!40000 ALTER TABLE `actuador` ENABLE KEYS */;


# Dumping structure for table hydrodb.alertas
CREATE TABLE IF NOT EXISTS `alertas` (
  `ID_alerta` int(10) NOT NULL,
  `descripcion` varchar(100) COLLATE latin1_spanish_ci DEFAULT NULL,
  `FK_Alertas_Actuador` int(10) DEFAULT NULL,
  `TimeStamp` timestamp NULL DEFAULT NULL,
  PRIMARY KEY (`ID_alerta`),
  KEY `FK_Alertas_Actuador` (`FK_Alertas_Actuador`),
  CONSTRAINT `FK_Alertas_Actuador` FOREIGN KEY (`FK_Alertas_Actuador`) REFERENCES `actuador` (`ID_actuador`)
) ENGINE=InnoDB DEFAULT CHARSET=latin1 COLLATE=latin1_spanish_ci;

# Dumping data for table hydrodb.alertas: ~0 rows (approximately)
/*!40000 ALTER TABLE `alertas` DISABLE KEYS */;
/*!40000 ALTER TABLE `alertas` ENABLE KEYS */;


# Dumping structure for table hydrodb.historialsensado
CREATE TABLE IF NOT EXISTS `historialsensado` (
  `ID_Historial` int(10) NOT NULL AUTO_INCREMENT,
  `FK_HistorialSensado_Sensor` int(10) NOT NULL DEFAULT '0',
  `TimeStamp` timestamp NOT NULL DEFAULT CURRENT_TIMESTAMP,
  `valorSensado` int(11) DEFAULT NULL,
  PRIMARY KEY (`ID_Historial`),
  UNIQUE KEY `ID_Historial` (`ID_Historial`),
  KEY `FK_HistorialSensado_Sensor` (`FK_HistorialSensado_Sensor`),
  CONSTRAINT `FK_HistorialSensado_Sensor` FOREIGN KEY (`FK_HistorialSensado_Sensor`) REFERENCES `sensor` (`ID_sensor`)
) ENGINE=InnoDB AUTO_INCREMENT=690059 DEFAULT CHARSET=latin1 COLLATE=latin1_spanish_ci;

# Dumping data for table hydrodb.historialsensado: ~143 rows (approximately)
/*!40000 ALTER TABLE `historialsensado` DISABLE KEYS */;
REPLACE INTO `historialsensado` (`ID_Historial`, `FK_HistorialSensado_Sensor`, `TimeStamp`, `valorSensado`) VALUES
	(689916, 1, '2011-08-14 23:35:28', 60),
	(689917, 2, '2011-08-14 23:35:28', 0),
	(689918, 3, '2011-08-14 23:35:28', 15),
	(689919, 4, '2011-08-14 23:35:28', 15),
	(689920, 5, '2011-08-14 23:35:28', 15),
	(689921, 6, '2011-08-14 23:35:28', 15),
	(689922, 7, '2011-08-14 23:35:28', 0),
	(689923, 8, '2011-08-14 23:35:28', 0),
	(689924, 10, '2011-08-14 23:35:28', 0),
	(689925, 11, '2011-08-14 23:35:28', 26),
	(689926, 12, '2011-08-14 23:35:28', 216),
	(689927, 13, '2011-08-14 23:35:28', 650),
	(689928, 14, '2011-08-14 23:35:28', 15600),
	(689929, 15, '2011-08-14 23:35:28', 40),
	(689930, 1, '2011-08-14 23:35:30', 60),
	(689931, 2, '2011-08-14 23:35:30', 0),
	(689932, 3, '2011-08-14 23:35:30', 15),
	(689933, 4, '2011-08-14 23:35:30', 15),
	(689934, 5, '2011-08-14 23:35:30', 15),
	(689935, 6, '2011-08-14 23:35:30', 15),
	(689936, 7, '2011-08-14 23:35:30', 0),
	(689937, 8, '2011-08-14 23:35:30', 0),
	(689938, 10, '2011-08-14 23:35:30', 0),
	(689939, 11, '2011-08-14 23:35:30', 26),
	(689940, 12, '2011-08-14 23:35:30', 216),
	(689941, 13, '2011-08-14 23:35:30', 650),
	(689942, 14, '2011-08-14 23:35:31', 15600),
	(689943, 15, '2011-08-14 23:35:31', 40),
	(689944, 1, '2011-08-14 23:35:32', 60),
	(689945, 2, '2011-08-14 23:35:32', 0),
	(689946, 3, '2011-08-14 23:35:32', 15),
	(689947, 4, '2011-08-14 23:35:32', 15),
	(689948, 5, '2011-08-14 23:35:32', 15),
	(689949, 6, '2011-08-14 23:35:32', 15),
	(689950, 7, '2011-08-14 23:35:32', 0),
	(689951, 8, '2011-08-14 23:35:32', 0),
	(689952, 10, '2011-08-14 23:35:32', 0),
	(689953, 11, '2011-08-14 23:35:32', 26),
	(689954, 12, '2011-08-14 23:35:32', 216),
	(689955, 13, '2011-08-14 23:35:33', 650),
	(689956, 14, '2011-08-14 23:35:33', 15600),
	(689957, 15, '2011-08-14 23:35:33', 40),
	(689958, 1, '2011-08-14 23:37:46', 60),
	(689959, 2, '2011-08-14 23:37:46', 0),
	(689960, 3, '2011-08-14 23:37:46', 15),
	(689961, 4, '2011-08-14 23:37:46', 15),
	(689962, 5, '2011-08-14 23:37:46', 15),
	(689963, 6, '2011-08-14 23:37:46', 15),
	(689964, 7, '2011-08-14 23:37:46', 0),
	(689965, 8, '2011-08-14 23:37:46', 0),
	(689966, 10, '2011-08-14 23:37:46', 0),
	(689967, 11, '2011-08-14 23:37:47', 26),
	(689968, 12, '2011-08-14 23:37:47', 216),
	(689969, 13, '2011-08-14 23:37:47', 650),
	(689970, 14, '2011-08-14 23:37:47', 15600),
	(689971, 15, '2011-08-14 23:37:47', 40),
	(689972, 1, '2011-08-14 23:37:48', 60),
	(689973, 2, '2011-08-14 23:37:48', 0),
	(689974, 3, '2011-08-14 23:37:48', 15),
	(689975, 4, '2011-08-14 23:37:48', 15),
	(689976, 5, '2011-08-14 23:37:48', 15),
	(689977, 6, '2011-08-14 23:37:48', 15),
	(689978, 7, '2011-08-14 23:37:48', 0),
	(689979, 8, '2011-08-14 23:37:49', 0),
	(689980, 10, '2011-08-14 23:37:49', 0),
	(689981, 11, '2011-08-14 23:37:49', 26),
	(689982, 12, '2011-08-14 23:37:49', 216),
	(689983, 13, '2011-08-14 23:37:49', 650),
	(689984, 14, '2011-08-14 23:37:49', 15600),
	(689985, 15, '2011-08-14 23:37:49', 40),
	(689986, 1, '2011-08-14 23:37:50', 60),
	(689987, 2, '2011-08-14 23:37:50', 0),
	(689988, 3, '2011-08-14 23:37:50', 15),
	(689989, 4, '2011-08-14 23:37:50', 15),
	(689990, 5, '2011-08-14 23:37:50', 15),
	(689991, 6, '2011-08-14 23:37:50', 15),
	(689992, 7, '2011-08-14 23:37:51', 0),
	(689993, 8, '2011-08-14 23:37:51', 0),
	(689994, 10, '2011-08-14 23:37:51', 0),
	(689995, 11, '2011-08-14 23:37:51', 26),
	(689996, 12, '2011-08-14 23:37:51', 216),
	(689997, 13, '2011-08-14 23:37:51', 650),
	(689998, 14, '2011-08-14 23:37:51', 15600),
	(689999, 15, '2011-08-14 23:37:51', 40),
	(690000, 1, '2011-08-14 23:37:52', 60),
	(690001, 2, '2011-08-14 23:37:52', 0),
	(690002, 3, '2011-08-14 23:37:52', 15),
	(690003, 4, '2011-08-14 23:37:52', 15),
	(690004, 5, '2011-08-14 23:37:52', 15),
	(690005, 6, '2011-08-14 23:37:53', 15),
	(690006, 7, '2011-08-14 23:37:53', 0),
	(690007, 8, '2011-08-14 23:37:53', 0),
	(690008, 10, '2011-08-14 23:37:53', 0),
	(690009, 11, '2011-08-14 23:37:53', 26),
	(690010, 12, '2011-08-14 23:37:53', 216),
	(690011, 13, '2011-08-14 23:37:53', 650),
	(690012, 14, '2011-08-14 23:37:53', 15600),
	(690013, 15, '2011-08-14 23:37:53', 40),
	(690014, 1, '2011-08-14 23:37:54', 60),
	(690015, 2, '2011-08-14 23:37:54', 0),
	(690016, 3, '2011-08-14 23:37:54', 15),
	(690017, 4, '2011-08-14 23:37:54', 15),
	(690018, 5, '2011-08-14 23:37:55', 15),
	(690019, 6, '2011-08-14 23:37:55', 15),
	(690020, 7, '2011-08-14 23:37:55', 0),
	(690021, 8, '2011-08-14 23:37:55', 0),
	(690022, 10, '2011-08-14 23:37:55', 0),
	(690023, 11, '2011-08-14 23:37:55', 26),
	(690024, 12, '2011-08-14 23:37:55', 216),
	(690025, 13, '2011-08-14 23:37:55', 650),
	(690026, 14, '2011-08-14 23:37:55', 15600),
	(690027, 15, '2011-08-14 23:37:55', 40),
	(690028, 1, '2011-08-14 23:43:22', 60),
	(690029, 2, '2011-08-14 23:43:22', 0),
	(690030, 3, '2011-08-14 23:43:22', 14),
	(690031, 4, '2011-08-14 23:43:22', 15),
	(690032, 5, '2011-08-14 23:43:22', 15),
	(690033, 6, '2011-08-14 23:43:22', 15),
	(690034, 7, '2011-08-14 23:43:22', 0),
	(690035, 8, '2011-08-14 23:43:22', 0),
	(690036, 10, '2011-08-14 23:43:22', 0),
	(690037, 11, '2011-08-14 23:43:22', 26),
	(690038, 12, '2011-08-14 23:43:22', 216),
	(690039, 13, '2011-08-14 23:43:22', 650),
	(690040, 14, '2011-08-14 23:43:22', 15600),
	(690041, 15, '2011-08-14 23:43:22', 40),
	(690042, 1, '2011-08-14 23:43:24', 60),
	(690043, 2, '2011-08-14 23:43:24', 0),
	(690044, 3, '2011-08-14 23:43:24', 14),
	(690045, 4, '2011-08-14 23:43:24', 15),
	(690046, 5, '2011-08-14 23:43:24', 15),
	(690047, 6, '2011-08-14 23:43:24', 15),
	(690048, 7, '2011-08-14 23:43:24', 0),
	(690049, 8, '2011-08-14 23:43:24', 0),
	(690050, 10, '2011-08-14 23:43:24', 0),
	(690051, 11, '2011-08-14 23:43:24', 26),
	(690052, 12, '2011-08-14 23:43:24', 216),
	(690053, 13, '2011-08-14 23:43:24', 650),
	(690054, 14, '2011-08-14 23:43:24', 15600),
	(690055, 15, '2011-08-14 23:43:24', 40),
	(690056, 1, '2011-08-14 23:43:26', 60),
	(690057, 2, '2011-08-14 23:43:26', 0),
	(690058, 3, '2011-08-14 23:43:26', 14);
/*!40000 ALTER TABLE `historialsensado` ENABLE KEYS */;


# Dumping structure for procedure hydrodb.HistorialSensado_Insertar
DELIMITER //
CREATE DEFINER=`root`@`%` PROCEDURE `HistorialSensado_Insertar`(IN `dirMem` INT, IN `rtu_num` INT, IN `valor` INT)
    COMMENT 'Inserta un elemento en la tabla historial'
BEGIN
	declare ID INT;
   Select @ID:=ID_Sensor From SENSOR where (FK_Sensor_RTU = rtu_num)and(direccion_Memoria=dirMem);
			  		
	INSERT INTO HistorialSensado (valorSensado,FK_HistorialSensado_Sensor)
	VALUES (valor,@ID);		

END//
DELIMITER ;


# Dumping structure for table hydrodb.log
CREATE TABLE IF NOT EXISTS `log` (
  `ID_Log` int(10) NOT NULL AUTO_INCREMENT,
  `Descripcion` varchar(200) COLLATE latin1_spanish_ci NOT NULL,
  `TimeStamp` timestamp NOT NULL DEFAULT CURRENT_TIMESTAMP,
  `FK_Log_Usuario` int(11) NOT NULL,
  PRIMARY KEY (`ID_Log`),
  UNIQUE KEY `ID_Log` (`ID_Log`),
  KEY `FK_Log_Usuario` (`FK_Log_Usuario`),
  CONSTRAINT `FK_Log_Usuario` FOREIGN KEY (`FK_Log_Usuario`) REFERENCES `usuario` (`ID_Usuario`)
) ENGINE=InnoDB DEFAULT CHARSET=latin1 COLLATE=latin1_spanish_ci COMMENT='Registro de lo que hizo un usuario';

# Dumping data for table hydrodb.log: ~0 rows (approximately)
/*!40000 ALTER TABLE `log` DISABLE KEYS */;
/*!40000 ALTER TABLE `log` ENABLE KEYS */;


# Dumping structure for table hydrodb.permisos
CREATE TABLE IF NOT EXISTS `permisos` (
  `ID_Permiso` int(10) NOT NULL AUTO_INCREMENT,
  `FK_Permisos_TipoUsuario` int(10) NOT NULL DEFAULT '0',
  `Read` int(10) NOT NULL DEFAULT '1',
  `Write` int(10) NOT NULL DEFAULT '0',
  `Config` int(10) NOT NULL DEFAULT '0',
  PRIMARY KEY (`ID_Permiso`),
  UNIQUE KEY `ID_Permiso` (`ID_Permiso`),
  KEY `FK_Permisos_TipoUsuario` (`FK_Permisos_TipoUsuario`),
  CONSTRAINT `FK_Permisos_TipoUsuario` FOREIGN KEY (`FK_Permisos_TipoUsuario`) REFERENCES `tipousuario` (`ID_TipoUsuario`)
) ENGINE=InnoDB AUTO_INCREMENT=5 DEFAULT CHARSET=latin1 COLLATE=latin1_spanish_ci COMMENT='Permisos de cada usuario';

# Dumping data for table hydrodb.permisos: ~4 rows (approximately)
/*!40000 ALTER TABLE `permisos` DISABLE KEYS */;
REPLACE INTO `permisos` (`ID_Permiso`, `FK_Permisos_TipoUsuario`, `Read`, `Write`, `Config`) VALUES
	(1, 1, 1, 0, 0),
	(2, 2, 1, 1, 0),
	(3, 3, 1, 1, 1),
	(4, 4, 1, 1, 1);
/*!40000 ALTER TABLE `permisos` ENABLE KEYS */;


# Dumping structure for table hydrodb.registroeventos
CREATE TABLE IF NOT EXISTS `registroeventos` (
  `ID_Evento` int(10) NOT NULL AUTO_INCREMENT,
  `FK_RegistroEventos_Actuador` int(10) NOT NULL,
  `TimeStamp` timestamp NOT NULL DEFAULT CURRENT_TIMESTAMP,
  `valorSeteado` int(10) NOT NULL,
  PRIMARY KEY (`ID_Evento`),
  UNIQUE KEY `ID_Evento` (`ID_Evento`),
  KEY `FK_RegistroEventos_Actuador` (`FK_RegistroEventos_Actuador`),
  CONSTRAINT `FK_RegistroEventos_Actuador` FOREIGN KEY (`FK_RegistroEventos_Actuador`) REFERENCES `actuador` (`ID_actuador`)
) ENGINE=InnoDB AUTO_INCREMENT=1961 DEFAULT CHARSET=latin1 COLLATE=latin1_spanish_ci COMMENT='Registra los cambios en los actuadores';

# Dumping data for table hydrodb.registroeventos: ~962 rows (approximately)
/*!40000 ALTER TABLE `registroeventos` DISABLE KEYS */;
REPLACE INTO `registroeventos` (`ID_Evento`, `FK_RegistroEventos_Actuador`, `TimeStamp`, `valorSeteado`) VALUES
	(1, 3, '2011-08-02 20:36:45', 14),
	(2, 7, '2011-08-02 20:37:21', 1),
	(3, 9, '2011-08-02 20:37:21', 1),
	(4, 10, '2011-08-02 20:37:21', 1),
	(5, 11, '2011-08-02 20:37:21', 1),
	(6, 12, '2011-08-02 20:37:21', 1),
	(7, 13, '2011-08-02 20:37:21', 1),
	(8, 3, '2011-08-02 20:37:21', 0),
	(9, 2, '2011-08-02 20:37:21', 1),
	(10, 4, '2011-08-02 20:37:47', 1),
	(11, 3, '2011-08-02 20:37:58', 1),
	(12, 4, '2011-08-02 20:37:58', 0),
	(13, 13, '2011-08-02 20:37:58', 0),
	(14, 13, '2011-08-02 20:37:59', 1),
	(15, 6, '2011-08-02 20:38:41', 1),
	(16, 6, '2011-08-02 20:38:43', 2),
	(17, 6, '2011-08-02 20:38:45', 15),
	(18, 6, '2011-08-02 20:38:47', 18),
	(19, 6, '2011-08-02 20:38:49', 21),
	(20, 6, '2011-08-02 20:38:51', 28),
	(21, 6, '2011-08-02 20:38:53', 31),
	(22, 3, '2011-08-02 20:40:09', 1),
	(23, 6, '2011-08-02 20:40:09', 33),
	(24, 7, '2011-08-02 20:40:09', 1),
	(25, 9, '2011-08-02 20:40:10', 1),
	(26, 10, '2011-08-02 20:40:10', 1),
	(27, 11, '2011-08-02 20:40:10', 1),
	(28, 12, '2011-08-02 20:40:10', 1),
	(29, 13, '2011-08-02 20:40:10', 1),
	(30, 2, '2011-08-02 20:40:10', 1),
	(31, 6, '2011-08-02 20:40:11', 0),
	(32, 3, '2011-08-02 20:40:12', 0),
	(33, 4, '2011-08-02 20:40:12', 1),
	(34, 3, '2011-08-02 20:40:12', 1),
	(35, 4, '2011-08-02 20:40:12', 0),
	(36, 6, '2011-08-02 20:43:10', 1),
	(37, 6, '2011-08-02 20:43:13', 2),
	(38, 6, '2011-08-02 20:43:15', 15),
	(39, 6, '2011-08-02 20:43:17', 18),
	(40, 3, '2011-08-02 20:44:34', 1),
	(41, 6, '2011-08-02 20:44:34', 18),
	(42, 7, '2011-08-02 20:44:34', 1),
	(43, 9, '2011-08-02 20:44:34', 1),
	(44, 10, '2011-08-02 20:44:34', 1),
	(45, 11, '2011-08-02 20:44:34', 1),
	(46, 12, '2011-08-02 20:44:34', 1),
	(47, 13, '2011-08-02 20:44:34', 1),
	(48, 2, '2011-08-02 20:44:34', 1),
	(49, 6, '2011-08-02 20:44:39', 19),
	(50, 3, '2011-08-02 20:48:09', 1),
	(51, 6, '2011-08-02 20:48:09', 19),
	(52, 7, '2011-08-02 20:48:09', 1),
	(53, 9, '2011-08-02 20:48:09', 1),
	(54, 10, '2011-08-02 20:48:09', 1),
	(55, 11, '2011-08-02 20:48:09', 1),
	(56, 12, '2011-08-02 20:48:09', 1),
	(57, 13, '2011-08-02 20:48:09', 1),
	(58, 2, '2011-08-02 20:48:09', 1),
	(59, 2, '2011-08-02 20:48:17', 0),
	(60, 6, '2011-08-02 20:48:17', 100),
	(61, 3, '2011-08-02 20:48:34', 0),
	(62, 5, '2011-08-02 20:48:34', 100),
	(63, 8, '2011-08-02 20:48:34', 100),
	(64, 9, '2011-08-02 20:48:34', 0),
	(65, 10, '2011-08-02 20:48:34', 0),
	(66, 11, '2011-08-02 20:48:34', 0),
	(67, 12, '2011-08-02 20:48:34', 0),
	(68, 7, '2011-08-02 20:48:34', 0),
	(69, 7, '2011-08-02 20:48:40', 1),
	(70, 5, '2011-08-02 20:48:40', 0),
	(71, 6, '2011-08-02 20:48:50', 0),
	(72, 8, '2011-08-02 20:48:50', 0),
	(73, 9, '2011-08-02 20:48:50', 1),
	(74, 10, '2011-08-02 20:48:50', 1),
	(75, 11, '2011-08-02 20:48:50', 1),
	(76, 12, '2011-08-02 20:48:50', 1),
	(77, 2, '2011-08-02 20:48:50', 1),
	(78, 4, '2011-08-02 20:49:08', 1),
	(79, 3, '2011-08-02 20:49:16', 1),
	(80, 4, '2011-08-02 20:49:16', 0),
	(81, 2, '2011-08-02 20:49:16', 0),
	(82, 2, '2011-08-02 20:49:17', 1),
	(83, 3, '2011-08-02 20:52:32', 1),
	(84, 7, '2011-08-02 20:52:32', 1),
	(85, 9, '2011-08-02 20:52:32', 1),
	(86, 10, '2011-08-02 20:52:32', 1),
	(87, 11, '2011-08-02 20:52:32', 1),
	(88, 12, '2011-08-02 20:52:33', 1),
	(89, 13, '2011-08-02 20:52:33', 1),
	(90, 2, '2011-08-02 20:52:33', 1),
	(91, 3, '2011-08-02 20:53:48', 0),
	(92, 4, '2011-08-02 20:53:48', 1),
	(93, 3, '2011-08-02 20:53:48', 1),
	(94, 4, '2011-08-02 20:53:48', 0),
	(95, 6, '2011-08-02 20:54:59', 1),
	(96, 6, '2011-08-02 20:55:01', 2),
	(97, 6, '2011-08-02 20:55:03', 15),
	(98, 6, '2011-08-02 20:55:05', 18),
	(99, 6, '2011-08-02 20:55:07', 21),
	(100, 6, '2011-08-02 20:55:09', 28),
	(101, 6, '2011-08-02 20:55:11', 32),
	(102, 6, '2011-08-02 20:55:14', 34),
	(1222, 2, '2011-08-11 11:13:37', 1),
	(1223, 3, '2011-08-11 11:13:37', 1),
	(1224, 4, '2011-08-11 11:13:37', 0),
	(1225, 5, '2011-08-11 11:13:37', 0),
	(1226, 6, '2011-08-11 11:13:37', 0),
	(1227, 7, '2011-08-11 11:13:37', 1),
	(1228, 8, '2011-08-11 11:13:37', 0),
	(1229, 9, '2011-08-11 11:13:37', 1),
	(1230, 10, '2011-08-11 11:13:37', 1),
	(1231, 11, '2011-08-11 11:13:37', 1),
	(1232, 12, '2011-08-11 11:13:37', 1),
	(1233, 13, '2011-08-11 11:13:37', 1),
	(1234, 1, '2011-08-11 11:13:38', 0),
	(1235, 2, '2011-08-11 11:13:38', 1),
	(1236, 3, '2011-08-11 11:13:38', 1),
	(1237, 4, '2011-08-11 11:13:38', 0),
	(1238, 5, '2011-08-11 11:13:38', 0),
	(1239, 6, '2011-08-11 11:13:38', 0),
	(1240, 7, '2011-08-11 11:13:38', 1),
	(1241, 8, '2011-08-11 11:13:38', 0),
	(1242, 9, '2011-08-11 11:13:38', 1),
	(1243, 10, '2011-08-11 11:13:38', 1),
	(1244, 11, '2011-08-11 11:13:38', 1),
	(1245, 12, '2011-08-11 11:13:38', 1),
	(1246, 13, '2011-08-11 11:13:38', 1),
	(1247, 1, '2011-08-11 11:13:39', 0),
	(1248, 2, '2011-08-11 11:13:39', 1),
	(1249, 3, '2011-08-11 11:13:39', 1),
	(1250, 4, '2011-08-11 11:13:39', 0),
	(1251, 5, '2011-08-11 11:13:39', 0),
	(1252, 6, '2011-08-11 11:13:39', 0),
	(1253, 7, '2011-08-11 11:13:39', 1),
	(1254, 8, '2011-08-11 11:13:39', 0),
	(1255, 9, '2011-08-11 11:13:39', 1),
	(1256, 10, '2011-08-11 11:13:39', 1),
	(1257, 11, '2011-08-11 11:13:39', 1),
	(1258, 12, '2011-08-11 11:13:39', 1),
	(1259, 13, '2011-08-11 11:13:39', 1),
	(1260, 1, '2011-08-11 11:13:40', 0),
	(1261, 2, '2011-08-11 11:13:40', 1),
	(1262, 3, '2011-08-11 11:13:40', 1),
	(1263, 4, '2011-08-11 11:13:40', 0),
	(1264, 5, '2011-08-11 11:13:40', 0),
	(1265, 6, '2011-08-11 11:13:40', 0),
	(1266, 7, '2011-08-11 11:13:40', 1),
	(1267, 8, '2011-08-11 11:13:40', 0),
	(1268, 9, '2011-08-11 11:13:40', 1),
	(1269, 10, '2011-08-11 11:13:40', 1),
	(1270, 11, '2011-08-11 11:13:40', 1),
	(1271, 12, '2011-08-11 11:13:40', 1),
	(1272, 13, '2011-08-11 11:13:40', 1),
	(1273, 1, '2011-08-11 11:13:41', 0),
	(1274, 2, '2011-08-11 11:13:41', 1),
	(1275, 3, '2011-08-11 11:13:41', 1),
	(1276, 4, '2011-08-11 11:13:41', 0),
	(1277, 5, '2011-08-11 11:13:41', 0),
	(1278, 6, '2011-08-11 11:13:41', 0),
	(1279, 7, '2011-08-11 11:13:41', 1),
	(1280, 8, '2011-08-11 11:13:41', 0),
	(1281, 9, '2011-08-11 11:13:41', 1),
	(1282, 10, '2011-08-11 11:13:41', 1),
	(1283, 11, '2011-08-11 11:13:41', 1),
	(1284, 12, '2011-08-11 11:13:41', 1),
	(1285, 13, '2011-08-11 11:13:41', 1),
	(1286, 1, '2011-08-11 11:13:42', 0),
	(1287, 2, '2011-08-11 11:13:42', 1),
	(1288, 3, '2011-08-11 11:13:42', 1),
	(1289, 4, '2011-08-11 11:13:42', 0),
	(1290, 5, '2011-08-11 11:13:42', 0),
	(1291, 6, '2011-08-11 11:13:42', 0),
	(1292, 7, '2011-08-11 11:13:42', 1),
	(1293, 8, '2011-08-11 11:13:42', 0),
	(1294, 9, '2011-08-11 11:13:42', 1),
	(1295, 10, '2011-08-11 11:13:42', 1),
	(1296, 11, '2011-08-11 11:13:42', 1),
	(1297, 12, '2011-08-11 11:13:42', 1),
	(1298, 13, '2011-08-11 11:13:42', 1),
	(1299, 1, '2011-08-11 11:13:43', 0),
	(1300, 2, '2011-08-11 11:13:43', 1),
	(1301, 3, '2011-08-11 11:13:43', 1),
	(1302, 4, '2011-08-11 11:13:43', 0),
	(1303, 5, '2011-08-11 11:13:43', 0),
	(1304, 6, '2011-08-11 11:13:43', 0),
	(1305, 7, '2011-08-11 11:13:43', 1),
	(1306, 8, '2011-08-11 11:13:43', 0),
	(1307, 9, '2011-08-11 11:13:43', 1),
	(1308, 10, '2011-08-11 11:13:43', 1),
	(1309, 11, '2011-08-11 11:13:43', 1),
	(1310, 12, '2011-08-11 11:13:43', 1),
	(1311, 13, '2011-08-11 11:13:43', 1),
	(1312, 1, '2011-08-11 11:13:44', 0),
	(1313, 2, '2011-08-11 11:13:44', 1),
	(1314, 3, '2011-08-11 11:13:44', 1),
	(1315, 4, '2011-08-11 11:13:44', 0),
	(1316, 5, '2011-08-11 11:13:44', 0),
	(1317, 6, '2011-08-11 11:13:44', 0),
	(1318, 7, '2011-08-11 11:13:44', 1),
	(1319, 8, '2011-08-11 11:13:44', 0),
	(1320, 9, '2011-08-11 11:13:44', 1),
	(1321, 10, '2011-08-11 11:13:44', 1),
	(1322, 11, '2011-08-11 11:13:44', 1),
	(1323, 12, '2011-08-11 11:13:44', 1),
	(1324, 13, '2011-08-11 11:13:44', 1),
	(1325, 1, '2011-08-11 11:13:45', 0),
	(1326, 2, '2011-08-11 11:13:45', 1),
	(1327, 3, '2011-08-11 11:13:45', 1),
	(1328, 4, '2011-08-11 11:13:45', 0),
	(1329, 5, '2011-08-11 11:13:45', 0),
	(1330, 6, '2011-08-11 11:13:45', 0),
	(1331, 7, '2011-08-11 11:13:45', 1),
	(1332, 8, '2011-08-11 11:13:45', 0),
	(1333, 9, '2011-08-11 11:13:45', 1),
	(1334, 10, '2011-08-11 11:13:45', 1),
	(1335, 11, '2011-08-11 11:13:45', 1),
	(1336, 12, '2011-08-11 11:13:45', 1),
	(1337, 13, '2011-08-11 11:13:45', 1),
	(1338, 1, '2011-08-11 11:13:46', 0),
	(1339, 2, '2011-08-11 11:13:46', 1),
	(1340, 3, '2011-08-11 11:13:46', 1),
	(1341, 4, '2011-08-11 11:13:46', 0),
	(1342, 5, '2011-08-11 11:13:46', 0),
	(1343, 6, '2011-08-11 11:13:46', 0),
	(1344, 7, '2011-08-11 11:13:46', 1),
	(1345, 8, '2011-08-11 11:13:46', 0),
	(1346, 9, '2011-08-11 11:13:46', 1),
	(1347, 10, '2011-08-11 11:13:46', 1),
	(1348, 11, '2011-08-11 11:13:46', 1),
	(1349, 12, '2011-08-11 11:13:46', 1),
	(1350, 13, '2011-08-11 11:13:46', 1),
	(1351, 1, '2011-08-11 11:13:47', 0),
	(1352, 2, '2011-08-11 11:13:47', 1),
	(1353, 3, '2011-08-11 11:13:47', 1),
	(1354, 4, '2011-08-11 11:13:47', 0),
	(1355, 5, '2011-08-11 11:13:47', 0),
	(1356, 6, '2011-08-11 11:13:47', 0),
	(1357, 7, '2011-08-11 11:13:47', 1),
	(1358, 8, '2011-08-11 11:13:47', 0),
	(1359, 9, '2011-08-11 11:13:47', 1),
	(1360, 10, '2011-08-11 11:13:47', 1),
	(1361, 11, '2011-08-11 11:13:47', 1),
	(1362, 12, '2011-08-11 11:13:48', 1),
	(1363, 13, '2011-08-11 11:13:48', 1),
	(1364, 1, '2011-08-11 11:13:48', 0),
	(1365, 2, '2011-08-11 11:13:48', 1),
	(1366, 3, '2011-08-11 11:13:48', 1),
	(1367, 4, '2011-08-11 11:13:48', 0),
	(1368, 5, '2011-08-11 11:13:48', 0),
	(1369, 6, '2011-08-11 11:13:48', 0),
	(1370, 7, '2011-08-11 11:13:48', 1),
	(1371, 8, '2011-08-11 11:13:48', 0),
	(1372, 9, '2011-08-11 11:13:48', 1),
	(1373, 10, '2011-08-11 11:13:48', 1),
	(1374, 11, '2011-08-11 11:13:48', 1),
	(1375, 12, '2011-08-11 11:13:48', 1),
	(1376, 13, '2011-08-11 11:13:48', 1),
	(1377, 1, '2011-08-11 11:13:49', 0),
	(1378, 2, '2011-08-11 11:13:49', 1),
	(1379, 3, '2011-08-11 11:13:49', 1),
	(1380, 4, '2011-08-11 11:13:49', 0),
	(1381, 5, '2011-08-11 11:13:49', 0),
	(1382, 6, '2011-08-11 11:13:49', 0),
	(1383, 7, '2011-08-11 11:13:49', 1),
	(1384, 8, '2011-08-11 11:13:49', 0),
	(1385, 9, '2011-08-11 11:13:49', 1),
	(1386, 10, '2011-08-11 11:13:49', 1),
	(1387, 11, '2011-08-11 11:13:49', 1),
	(1388, 12, '2011-08-11 11:13:49', 1),
	(1389, 13, '2011-08-11 11:13:49', 1),
	(1390, 1, '2011-08-11 11:13:50', 0),
	(1391, 2, '2011-08-11 11:13:50', 1),
	(1392, 3, '2011-08-11 11:13:51', 1),
	(1393, 4, '2011-08-11 11:13:51', 0),
	(1394, 5, '2011-08-11 11:13:51', 0),
	(1395, 6, '2011-08-11 11:13:51', 0),
	(1396, 7, '2011-08-11 11:13:51', 1),
	(1397, 8, '2011-08-11 11:13:51', 0),
	(1398, 9, '2011-08-11 11:13:51', 1),
	(1399, 10, '2011-08-11 11:13:51', 1),
	(1400, 11, '2011-08-11 11:13:51', 1),
	(1401, 12, '2011-08-11 11:13:51', 1),
	(1402, 13, '2011-08-11 11:13:51', 1),
	(1403, 1, '2011-08-11 11:13:51', 0),
	(1404, 2, '2011-08-11 11:13:51', 1),
	(1405, 3, '2011-08-11 11:13:51', 1),
	(1406, 4, '2011-08-11 11:13:51', 0),
	(1407, 5, '2011-08-11 11:13:51', 0),
	(1408, 6, '2011-08-11 11:13:51', 0),
	(1409, 7, '2011-08-11 11:13:51', 1),
	(1410, 8, '2011-08-11 11:13:51', 0),
	(1411, 9, '2011-08-11 11:13:51', 1),
	(1412, 10, '2011-08-11 11:13:52', 1),
	(1413, 11, '2011-08-11 11:13:52', 1),
	(1414, 12, '2011-08-11 11:13:52', 1),
	(1415, 13, '2011-08-11 11:13:52', 1),
	(1416, 1, '2011-08-11 11:13:52', 0),
	(1417, 2, '2011-08-11 11:13:52', 1),
	(1418, 3, '2011-08-11 11:13:52', 1),
	(1419, 4, '2011-08-11 11:13:52', 0),
	(1420, 5, '2011-08-11 11:13:52', 0),
	(1421, 6, '2011-08-11 11:13:52', 0),
	(1422, 7, '2011-08-11 11:13:52', 1),
	(1423, 8, '2011-08-11 11:13:52', 0),
	(1424, 9, '2011-08-11 11:13:52', 1),
	(1425, 10, '2011-08-11 11:13:52', 1),
	(1426, 11, '2011-08-11 11:13:52', 1),
	(1427, 12, '2011-08-11 11:13:52', 1),
	(1428, 13, '2011-08-11 11:13:52', 1),
	(1429, 1, '2011-08-11 11:13:53', 0),
	(1430, 2, '2011-08-11 11:13:53', 1),
	(1431, 3, '2011-08-11 11:13:53', 1),
	(1432, 4, '2011-08-11 11:13:53', 0),
	(1433, 5, '2011-08-11 11:13:53', 0),
	(1434, 6, '2011-08-11 11:13:53', 0),
	(1435, 7, '2011-08-11 11:13:53', 1),
	(1436, 8, '2011-08-11 11:13:53', 0),
	(1437, 9, '2011-08-11 11:13:53', 1),
	(1438, 10, '2011-08-11 11:13:53', 1),
	(1439, 11, '2011-08-11 11:13:53', 1),
	(1440, 12, '2011-08-11 11:13:53', 1),
	(1441, 13, '2011-08-11 11:13:53', 1),
	(1442, 1, '2011-08-11 11:13:54', 0),
	(1443, 2, '2011-08-11 11:13:54', 1),
	(1444, 3, '2011-08-11 11:13:54', 1),
	(1445, 4, '2011-08-11 11:13:54', 0),
	(1446, 5, '2011-08-11 11:13:54', 0),
	(1447, 6, '2011-08-11 11:13:54', 0),
	(1448, 7, '2011-08-11 11:13:54', 1),
	(1449, 8, '2011-08-11 11:13:54', 0),
	(1450, 9, '2011-08-11 11:13:54', 1),
	(1451, 10, '2011-08-11 11:13:54', 1),
	(1452, 11, '2011-08-11 11:13:54', 1),
	(1453, 12, '2011-08-11 11:13:54', 1),
	(1454, 13, '2011-08-11 11:13:54', 1),
	(1455, 1, '2011-08-11 11:13:55', 0),
	(1456, 2, '2011-08-11 11:13:55', 1),
	(1457, 3, '2011-08-11 11:13:55', 1),
	(1458, 4, '2011-08-11 11:13:55', 0),
	(1459, 5, '2011-08-11 11:13:55', 0),
	(1460, 6, '2011-08-11 11:13:55', 0),
	(1461, 7, '2011-08-11 11:13:55', 1),
	(1462, 8, '2011-08-11 11:13:55', 0),
	(1463, 9, '2011-08-11 11:13:55', 1),
	(1464, 10, '2011-08-11 11:13:55', 1),
	(1465, 11, '2011-08-11 11:13:55', 1),
	(1466, 12, '2011-08-11 11:13:55', 1),
	(1467, 13, '2011-08-11 11:13:55', 1),
	(1468, 1, '2011-08-11 11:13:56', 0),
	(1469, 2, '2011-08-11 11:13:56', 1),
	(1470, 3, '2011-08-11 11:13:56', 1),
	(1471, 4, '2011-08-11 11:13:56', 0),
	(1472, 5, '2011-08-11 11:13:56', 0),
	(1473, 6, '2011-08-11 11:13:56', 0),
	(1474, 7, '2011-08-11 11:13:56', 1),
	(1475, 8, '2011-08-11 11:13:56', 0),
	(1476, 9, '2011-08-11 11:13:56', 1),
	(1477, 10, '2011-08-11 11:13:56', 1),
	(1478, 11, '2011-08-11 11:13:56', 1),
	(1479, 12, '2011-08-11 11:13:56', 1),
	(1480, 13, '2011-08-11 11:13:56', 1),
	(1481, 1, '2011-08-11 11:13:57', 0),
	(1482, 2, '2011-08-11 11:13:57', 1),
	(1483, 3, '2011-08-11 11:13:57', 1),
	(1484, 4, '2011-08-11 11:13:57', 0),
	(1485, 5, '2011-08-11 11:13:57', 0),
	(1486, 6, '2011-08-11 11:13:57', 0),
	(1487, 7, '2011-08-11 11:13:57', 1),
	(1488, 8, '2011-08-11 11:13:57', 0),
	(1489, 9, '2011-08-11 11:13:57', 1),
	(1490, 10, '2011-08-11 11:13:57', 1),
	(1491, 11, '2011-08-11 11:13:57', 1),
	(1492, 12, '2011-08-11 11:13:57', 1),
	(1493, 13, '2011-08-11 11:13:57', 1),
	(1494, 1, '2011-08-11 11:13:58', 0),
	(1495, 2, '2011-08-11 11:13:58', 1),
	(1496, 3, '2011-08-11 11:13:58', 1),
	(1497, 4, '2011-08-11 11:13:58', 0),
	(1498, 5, '2011-08-11 11:13:58', 0),
	(1499, 6, '2011-08-11 11:13:58', 0),
	(1500, 7, '2011-08-11 11:13:58', 1),
	(1501, 8, '2011-08-11 11:13:58', 0),
	(1502, 9, '2011-08-11 11:13:58', 1),
	(1503, 10, '2011-08-11 11:13:58', 1),
	(1504, 11, '2011-08-11 11:13:58', 1),
	(1505, 12, '2011-08-11 11:13:58', 1),
	(1506, 13, '2011-08-11 11:13:59', 1),
	(1507, 1, '2011-08-11 11:13:59', 0),
	(1508, 2, '2011-08-11 11:13:59', 1),
	(1509, 3, '2011-08-11 11:13:59', 1),
	(1510, 4, '2011-08-11 11:13:59', 0),
	(1511, 5, '2011-08-11 11:13:59', 0),
	(1512, 6, '2011-08-11 11:13:59', 0),
	(1513, 7, '2011-08-11 11:13:59', 1),
	(1514, 8, '2011-08-11 11:13:59', 0),
	(1515, 9, '2011-08-11 11:13:59', 1),
	(1516, 10, '2011-08-11 11:13:59', 1),
	(1517, 11, '2011-08-11 11:13:59', 1),
	(1518, 12, '2011-08-11 11:13:59', 1),
	(1519, 13, '2011-08-11 11:14:00', 1),
	(1520, 1, '2011-08-11 11:14:00', 0),
	(1521, 2, '2011-08-11 11:14:00', 1),
	(1522, 3, '2011-08-11 11:14:00', 1),
	(1523, 4, '2011-08-11 11:14:00', 0),
	(1524, 5, '2011-08-11 11:14:00', 0),
	(1525, 6, '2011-08-11 11:14:01', 0),
	(1526, 7, '2011-08-11 11:14:01', 1),
	(1527, 8, '2011-08-11 11:14:01', 0),
	(1528, 9, '2011-08-11 11:14:01', 1),
	(1529, 10, '2011-08-11 11:14:01', 1),
	(1530, 11, '2011-08-11 11:14:01', 1),
	(1531, 12, '2011-08-11 11:14:01', 1),
	(1532, 13, '2011-08-11 11:14:01', 1),
	(1533, 1, '2011-08-11 11:14:01', 0),
	(1534, 2, '2011-08-11 11:14:01', 1),
	(1535, 3, '2011-08-11 11:14:01', 1),
	(1536, 4, '2011-08-11 11:14:01', 0),
	(1537, 5, '2011-08-11 11:14:01', 0),
	(1538, 6, '2011-08-11 11:14:01', 0),
	(1539, 7, '2011-08-11 11:14:01', 1),
	(1540, 8, '2011-08-11 11:14:01', 0),
	(1541, 9, '2011-08-11 11:14:01', 1),
	(1542, 10, '2011-08-11 11:14:02', 1),
	(1543, 11, '2011-08-11 11:14:02', 1),
	(1544, 12, '2011-08-11 11:14:02', 1),
	(1545, 13, '2011-08-11 11:14:02', 1),
	(1546, 1, '2011-08-11 11:14:02', 0),
	(1547, 2, '2011-08-11 11:14:02', 1),
	(1548, 3, '2011-08-11 11:14:02', 1),
	(1549, 4, '2011-08-11 11:14:02', 0),
	(1550, 5, '2011-08-11 11:14:02', 0),
	(1551, 6, '2011-08-11 11:14:02', 0),
	(1552, 7, '2011-08-11 11:14:02', 1),
	(1553, 8, '2011-08-11 11:14:02', 0),
	(1554, 9, '2011-08-11 11:14:02', 1),
	(1555, 10, '2011-08-11 11:14:02', 1),
	(1556, 11, '2011-08-11 11:14:02', 1),
	(1557, 12, '2011-08-11 11:14:02', 1),
	(1558, 13, '2011-08-11 11:14:02', 1),
	(1559, 1, '2011-08-11 11:14:03', 0),
	(1560, 2, '2011-08-11 11:14:03', 1),
	(1561, 3, '2011-08-11 11:14:03', 1),
	(1562, 4, '2011-08-11 11:14:03', 0),
	(1563, 5, '2011-08-11 11:14:03', 0),
	(1564, 6, '2011-08-11 11:14:03', 0),
	(1565, 7, '2011-08-11 11:14:03', 1),
	(1566, 8, '2011-08-11 11:14:03', 0),
	(1567, 9, '2011-08-11 11:14:03', 1),
	(1568, 10, '2011-08-11 11:14:04', 1),
	(1569, 11, '2011-08-11 11:14:04', 1),
	(1570, 12, '2011-08-11 11:14:04', 1),
	(1571, 13, '2011-08-11 11:14:04', 1),
	(1572, 1, '2011-08-11 11:14:04', 0),
	(1573, 2, '2011-08-11 11:14:04', 1),
	(1574, 3, '2011-08-11 11:14:04', 1),
	(1575, 4, '2011-08-11 11:14:04', 0),
	(1576, 5, '2011-08-11 11:14:04', 0),
	(1577, 6, '2011-08-11 11:14:04', 0),
	(1578, 7, '2011-08-11 11:14:04', 1),
	(1579, 8, '2011-08-11 11:14:04', 0),
	(1580, 9, '2011-08-11 11:14:04', 1),
	(1581, 10, '2011-08-11 11:14:04', 1),
	(1582, 11, '2011-08-11 11:14:04', 1),
	(1583, 12, '2011-08-11 11:14:05', 1),
	(1584, 13, '2011-08-11 11:14:05', 1),
	(1585, 1, '2011-08-11 11:14:05', 0),
	(1586, 2, '2011-08-11 11:14:05', 1),
	(1587, 3, '2011-08-11 11:14:05', 1),
	(1588, 4, '2011-08-11 11:14:05', 0),
	(1589, 5, '2011-08-11 11:14:05', 0),
	(1590, 6, '2011-08-11 11:14:05', 0),
	(1591, 7, '2011-08-11 11:14:05', 1),
	(1592, 8, '2011-08-11 11:14:05', 0),
	(1593, 9, '2011-08-11 11:14:05', 1),
	(1594, 10, '2011-08-11 11:14:05', 1),
	(1595, 11, '2011-08-11 11:14:06', 1),
	(1596, 12, '2011-08-11 11:14:06', 1),
	(1597, 13, '2011-08-11 11:14:06', 1),
	(1598, 1, '2011-08-14 23:20:38', 0),
	(1599, 2, '2011-08-14 23:20:38', 1),
	(1600, 3, '2011-08-14 23:20:38', 1),
	(1601, 4, '2011-08-14 23:20:38', 0),
	(1602, 5, '2011-08-14 23:20:38', 0),
	(1603, 6, '2011-08-14 23:20:38', 33),
	(1604, 7, '2011-08-14 23:20:38', 1),
	(1605, 8, '2011-08-14 23:20:38', 0),
	(1606, 9, '2011-08-14 23:20:38', 1),
	(1607, 10, '2011-08-14 23:20:38', 1),
	(1608, 11, '2011-08-14 23:20:39', 1),
	(1609, 12, '2011-08-14 23:20:39', 1),
	(1610, 13, '2011-08-14 23:20:39', 1),
	(1611, 1, '2011-08-14 23:20:40', 0),
	(1612, 2, '2011-08-14 23:20:40', 1),
	(1613, 3, '2011-08-14 23:20:40', 1),
	(1614, 4, '2011-08-14 23:20:40', 0),
	(1615, 5, '2011-08-14 23:20:40', 0),
	(1616, 6, '2011-08-14 23:20:40', 33),
	(1617, 7, '2011-08-14 23:20:40', 1),
	(1618, 8, '2011-08-14 23:20:40', 0),
	(1619, 9, '2011-08-14 23:20:40', 1),
	(1620, 10, '2011-08-14 23:20:41', 1),
	(1621, 11, '2011-08-14 23:20:41', 1),
	(1622, 12, '2011-08-14 23:20:41', 1),
	(1623, 13, '2011-08-14 23:20:41', 1),
	(1624, 1, '2011-08-14 23:20:42', 0),
	(1625, 2, '2011-08-14 23:20:42', 1),
	(1626, 3, '2011-08-14 23:20:42', 1),
	(1627, 4, '2011-08-14 23:20:42', 0),
	(1628, 5, '2011-08-14 23:20:42', 0),
	(1629, 6, '2011-08-14 23:20:42', 33),
	(1630, 7, '2011-08-14 23:20:42', 1),
	(1631, 8, '2011-08-14 23:20:42', 0),
	(1632, 9, '2011-08-14 23:20:42', 1),
	(1633, 10, '2011-08-14 23:20:42', 1),
	(1634, 11, '2011-08-14 23:20:43', 1),
	(1635, 12, '2011-08-14 23:20:43', 1),
	(1636, 13, '2011-08-14 23:20:43', 1),
	(1637, 1, '2011-08-14 23:20:44', 0),
	(1638, 2, '2011-08-14 23:20:44', 1),
	(1639, 3, '2011-08-14 23:20:44', 1),
	(1640, 4, '2011-08-14 23:20:44', 0),
	(1641, 5, '2011-08-14 23:20:44', 0),
	(1642, 6, '2011-08-14 23:20:44', 33),
	(1643, 7, '2011-08-14 23:20:44', 1),
	(1644, 8, '2011-08-14 23:20:44', 0),
	(1645, 9, '2011-08-14 23:20:44', 1),
	(1646, 10, '2011-08-14 23:20:44', 1),
	(1647, 11, '2011-08-14 23:20:44', 1),
	(1648, 12, '2011-08-14 23:20:45', 1),
	(1649, 13, '2011-08-14 23:20:45', 1),
	(1650, 1, '2011-08-14 23:20:47', 0),
	(1651, 2, '2011-08-14 23:20:47', 1),
	(1652, 3, '2011-08-14 23:20:47', 1),
	(1653, 4, '2011-08-14 23:20:47', 0),
	(1654, 5, '2011-08-14 23:20:47', 0),
	(1655, 6, '2011-08-14 23:20:47', 33),
	(1656, 7, '2011-08-14 23:20:47', 1),
	(1657, 8, '2011-08-14 23:20:47', 0),
	(1658, 9, '2011-08-14 23:20:47', 1),
	(1659, 10, '2011-08-14 23:20:47', 1),
	(1660, 11, '2011-08-14 23:20:47', 1),
	(1661, 12, '2011-08-14 23:20:47', 1),
	(1662, 13, '2011-08-14 23:20:47', 1),
	(1663, 1, '2011-08-14 23:20:49', 0),
	(1664, 2, '2011-08-14 23:20:49', 1),
	(1665, 3, '2011-08-14 23:20:49', 1),
	(1666, 4, '2011-08-14 23:20:49', 0),
	(1667, 5, '2011-08-14 23:20:49', 0),
	(1668, 6, '2011-08-14 23:20:49', 33),
	(1669, 7, '2011-08-14 23:20:49', 1),
	(1670, 8, '2011-08-14 23:20:49', 0),
	(1671, 9, '2011-08-14 23:20:49', 1),
	(1672, 10, '2011-08-14 23:20:49', 1),
	(1673, 11, '2011-08-14 23:20:49', 1),
	(1674, 12, '2011-08-14 23:20:49', 1),
	(1675, 13, '2011-08-14 23:20:49', 1),
	(1676, 1, '2011-08-14 23:20:51', 0),
	(1677, 2, '2011-08-14 23:20:51', 1),
	(1678, 3, '2011-08-14 23:20:51', 1),
	(1679, 4, '2011-08-14 23:20:51', 0),
	(1680, 5, '2011-08-14 23:20:51', 0),
	(1681, 6, '2011-08-14 23:20:51', 33),
	(1682, 7, '2011-08-14 23:20:51', 1),
	(1683, 8, '2011-08-14 23:20:51', 0),
	(1684, 9, '2011-08-14 23:20:51', 1),
	(1685, 10, '2011-08-14 23:20:51', 1),
	(1686, 11, '2011-08-14 23:20:51', 1),
	(1687, 12, '2011-08-14 23:20:51', 1),
	(1688, 13, '2011-08-14 23:20:51', 1),
	(1689, 1, '2011-08-14 23:20:53', 0),
	(1690, 2, '2011-08-14 23:20:53', 1),
	(1691, 3, '2011-08-14 23:20:53', 1),
	(1692, 4, '2011-08-14 23:20:53', 0),
	(1693, 5, '2011-08-14 23:20:53', 0),
	(1694, 6, '2011-08-14 23:20:53', 33),
	(1695, 7, '2011-08-14 23:20:53', 1),
	(1696, 8, '2011-08-14 23:20:53', 0),
	(1697, 9, '2011-08-14 23:20:53', 1),
	(1698, 10, '2011-08-14 23:20:53', 1),
	(1699, 11, '2011-08-14 23:20:53', 1),
	(1700, 12, '2011-08-14 23:20:53', 1),
	(1701, 13, '2011-08-14 23:20:53', 1),
	(1702, 1, '2011-08-14 23:20:55', 0),
	(1703, 2, '2011-08-14 23:20:55', 1),
	(1704, 3, '2011-08-14 23:20:55', 1),
	(1705, 4, '2011-08-14 23:20:55', 0),
	(1706, 5, '2011-08-14 23:20:55', 0),
	(1707, 6, '2011-08-14 23:20:55', 33),
	(1708, 7, '2011-08-14 23:20:55', 1),
	(1709, 8, '2011-08-14 23:20:55', 0),
	(1710, 9, '2011-08-14 23:20:55', 1),
	(1711, 10, '2011-08-14 23:20:55', 1),
	(1712, 11, '2011-08-14 23:20:55', 1),
	(1713, 12, '2011-08-14 23:20:55', 1),
	(1714, 13, '2011-08-14 23:20:55', 1),
	(1715, 1, '2011-08-14 23:20:56', 0),
	(1716, 2, '2011-08-14 23:20:56', 1),
	(1717, 3, '2011-08-14 23:20:57', 1),
	(1718, 4, '2011-08-14 23:20:57', 0),
	(1719, 5, '2011-08-14 23:20:57', 0),
	(1720, 6, '2011-08-14 23:20:57', 33),
	(1721, 7, '2011-08-14 23:20:57', 1),
	(1722, 8, '2011-08-14 23:20:57', 0),
	(1723, 9, '2011-08-14 23:20:57', 1),
	(1724, 10, '2011-08-14 23:20:57', 1),
	(1725, 11, '2011-08-14 23:20:57', 1),
	(1726, 12, '2011-08-14 23:20:57', 1),
	(1727, 13, '2011-08-14 23:20:57', 1),
	(1728, 1, '2011-08-14 23:20:58', 0),
	(1729, 2, '2011-08-14 23:20:58', 1),
	(1730, 3, '2011-08-14 23:20:59', 1),
	(1731, 4, '2011-08-14 23:20:59', 0),
	(1732, 5, '2011-08-14 23:20:59', 0),
	(1733, 6, '2011-08-14 23:20:59', 33),
	(1734, 7, '2011-08-14 23:20:59', 1),
	(1735, 8, '2011-08-14 23:20:59', 0),
	(1736, 9, '2011-08-14 23:20:59', 1),
	(1737, 10, '2011-08-14 23:20:59', 1),
	(1738, 11, '2011-08-14 23:20:59', 1),
	(1739, 12, '2011-08-14 23:20:59', 1),
	(1740, 13, '2011-08-14 23:20:59', 1),
	(1741, 1, '2011-08-14 23:21:01', 0),
	(1742, 2, '2011-08-14 23:21:01', 1),
	(1743, 3, '2011-08-14 23:21:01', 1),
	(1744, 4, '2011-08-14 23:21:01', 0),
	(1745, 5, '2011-08-14 23:21:01', 0),
	(1746, 6, '2011-08-14 23:21:01', 33),
	(1747, 7, '2011-08-14 23:21:01', 1),
	(1748, 8, '2011-08-14 23:21:01', 0),
	(1749, 9, '2011-08-14 23:21:01', 1),
	(1750, 10, '2011-08-14 23:21:01', 1),
	(1751, 11, '2011-08-14 23:21:01', 1),
	(1752, 12, '2011-08-14 23:21:01', 1),
	(1753, 13, '2011-08-14 23:21:01', 1),
	(1754, 1, '2011-08-14 23:21:03', 0),
	(1755, 2, '2011-08-14 23:21:03', 1),
	(1756, 3, '2011-08-14 23:21:03', 1),
	(1757, 4, '2011-08-14 23:21:03', 0),
	(1758, 5, '2011-08-14 23:21:03', 0),
	(1759, 6, '2011-08-14 23:21:03', 33),
	(1760, 7, '2011-08-14 23:21:03', 1),
	(1761, 8, '2011-08-14 23:21:03', 0),
	(1762, 9, '2011-08-14 23:21:03', 1),
	(1763, 10, '2011-08-14 23:21:03', 1),
	(1764, 11, '2011-08-14 23:21:03', 1),
	(1765, 12, '2011-08-14 23:21:03', 1),
	(1766, 13, '2011-08-14 23:21:03', 1),
	(1767, 1, '2011-08-14 23:23:59', 0),
	(1768, 2, '2011-08-14 23:24:00', 1),
	(1769, 3, '2011-08-14 23:24:00', 1),
	(1770, 4, '2011-08-14 23:24:00', 0),
	(1771, 5, '2011-08-14 23:24:00', 0),
	(1772, 6, '2011-08-14 23:24:00', 33),
	(1773, 7, '2011-08-14 23:24:00', 1),
	(1774, 8, '2011-08-14 23:24:00', 0),
	(1775, 9, '2011-08-14 23:24:00', 1),
	(1776, 10, '2011-08-14 23:24:00', 1),
	(1777, 11, '2011-08-14 23:24:00', 1),
	(1778, 12, '2011-08-14 23:24:00', 1),
	(1779, 13, '2011-08-14 23:24:00', 1),
	(1780, 1, '2011-08-14 23:24:02', 0),
	(1781, 2, '2011-08-14 23:24:02', 1),
	(1782, 3, '2011-08-14 23:24:02', 1),
	(1783, 4, '2011-08-14 23:24:02', 0),
	(1784, 5, '2011-08-14 23:24:02', 0),
	(1785, 6, '2011-08-14 23:24:02', 33),
	(1786, 7, '2011-08-14 23:24:02', 1),
	(1787, 8, '2011-08-14 23:24:02', 0),
	(1788, 9, '2011-08-14 23:24:02', 1),
	(1789, 10, '2011-08-14 23:24:02', 1),
	(1790, 11, '2011-08-14 23:24:02', 1),
	(1791, 12, '2011-08-14 23:24:02', 1),
	(1792, 13, '2011-08-14 23:24:02', 1),
	(1793, 1, '2011-08-14 23:24:04', 0),
	(1794, 2, '2011-08-14 23:24:04', 1),
	(1795, 3, '2011-08-14 23:24:04', 1),
	(1796, 4, '2011-08-14 23:24:04', 0),
	(1797, 5, '2011-08-14 23:24:04', 0),
	(1798, 6, '2011-08-14 23:24:04', 33),
	(1799, 7, '2011-08-14 23:24:04', 1),
	(1800, 8, '2011-08-14 23:24:04', 0),
	(1801, 9, '2011-08-14 23:24:04', 1),
	(1802, 10, '2011-08-14 23:24:04', 1),
	(1803, 11, '2011-08-14 23:24:04', 1),
	(1804, 12, '2011-08-14 23:24:04', 1),
	(1805, 13, '2011-08-14 23:24:04', 1),
	(1806, 1, '2011-08-14 23:28:25', 0),
	(1807, 2, '2011-08-14 23:28:25', 1),
	(1808, 3, '2011-08-14 23:28:26', 1),
	(1809, 4, '2011-08-14 23:28:26', 0),
	(1810, 5, '2011-08-14 23:28:26', 0),
	(1811, 6, '2011-08-14 23:28:26', 33),
	(1812, 7, '2011-08-14 23:28:26', 1),
	(1813, 8, '2011-08-14 23:28:26', 0),
	(1814, 9, '2011-08-14 23:28:27', 1),
	(1815, 10, '2011-08-14 23:28:27', 1),
	(1816, 11, '2011-08-14 23:28:27', 1),
	(1817, 12, '2011-08-14 23:28:27', 1),
	(1818, 13, '2011-08-14 23:28:27', 1),
	(1819, 1, '2011-08-14 23:28:33', 0),
	(1820, 2, '2011-08-14 23:28:33', 1),
	(1821, 3, '2011-08-14 23:28:34', 1),
	(1822, 4, '2011-08-14 23:28:34', 0),
	(1823, 5, '2011-08-14 23:28:34', 0),
	(1824, 6, '2011-08-14 23:28:34', 33),
	(1825, 7, '2011-08-14 23:28:34', 1),
	(1826, 8, '2011-08-14 23:28:34', 0),
	(1827, 9, '2011-08-14 23:28:34', 1),
	(1828, 10, '2011-08-14 23:28:34', 1),
	(1829, 11, '2011-08-14 23:28:34', 1),
	(1830, 12, '2011-08-14 23:28:34', 1),
	(1831, 13, '2011-08-14 23:28:34', 1),
	(1832, 1, '2011-08-14 23:35:28', 0),
	(1833, 2, '2011-08-14 23:35:29', 1),
	(1834, 3, '2011-08-14 23:35:29', 1),
	(1835, 4, '2011-08-14 23:35:29', 0),
	(1836, 5, '2011-08-14 23:35:29', 0),
	(1837, 6, '2011-08-14 23:35:29', 33),
	(1838, 7, '2011-08-14 23:35:29', 1),
	(1839, 8, '2011-08-14 23:35:29', 0),
	(1840, 9, '2011-08-14 23:35:29', 1),
	(1841, 10, '2011-08-14 23:35:29', 1),
	(1842, 11, '2011-08-14 23:35:29', 1),
	(1843, 12, '2011-08-14 23:35:29', 1),
	(1844, 13, '2011-08-14 23:35:29', 1),
	(1845, 1, '2011-08-14 23:35:31', 0),
	(1846, 2, '2011-08-14 23:35:31', 1),
	(1847, 3, '2011-08-14 23:35:31', 1),
	(1848, 4, '2011-08-14 23:35:31', 0),
	(1849, 5, '2011-08-14 23:35:31', 0),
	(1850, 6, '2011-08-14 23:35:31', 33),
	(1851, 7, '2011-08-14 23:35:31', 1),
	(1852, 8, '2011-08-14 23:35:31', 0),
	(1853, 9, '2011-08-14 23:35:31', 1),
	(1854, 10, '2011-08-14 23:35:31', 1),
	(1855, 11, '2011-08-14 23:35:31', 1),
	(1856, 12, '2011-08-14 23:35:31', 1),
	(1857, 13, '2011-08-14 23:35:31', 1),
	(1858, 1, '2011-08-14 23:35:33', 0),
	(1859, 2, '2011-08-14 23:35:33', 1),
	(1860, 3, '2011-08-14 23:35:33', 1),
	(1861, 4, '2011-08-14 23:35:33', 0),
	(1862, 5, '2011-08-14 23:35:33', 0),
	(1863, 6, '2011-08-14 23:35:33', 33),
	(1864, 7, '2011-08-14 23:35:33', 1),
	(1865, 8, '2011-08-14 23:35:33', 0),
	(1866, 9, '2011-08-14 23:35:33', 1),
	(1867, 10, '2011-08-14 23:35:33', 1),
	(1868, 11, '2011-08-14 23:35:33', 1),
	(1869, 12, '2011-08-14 23:35:33', 1),
	(1870, 1, '2011-08-14 23:37:47', 0),
	(1871, 2, '2011-08-14 23:37:47', 1),
	(1872, 3, '2011-08-14 23:37:47', 1),
	(1873, 4, '2011-08-14 23:37:47', 0),
	(1874, 5, '2011-08-14 23:37:47', 0),
	(1875, 6, '2011-08-14 23:37:47', 33),
	(1876, 7, '2011-08-14 23:37:47', 1),
	(1877, 8, '2011-08-14 23:37:47', 0),
	(1878, 9, '2011-08-14 23:37:47', 1),
	(1879, 10, '2011-08-14 23:37:47', 1),
	(1880, 11, '2011-08-14 23:37:47', 1),
	(1881, 12, '2011-08-14 23:37:47', 1),
	(1882, 13, '2011-08-14 23:37:47', 1),
	(1883, 1, '2011-08-14 23:37:49', 0),
	(1884, 2, '2011-08-14 23:37:49', 1),
	(1885, 3, '2011-08-14 23:37:49', 1),
	(1886, 4, '2011-08-14 23:37:49', 0),
	(1887, 5, '2011-08-14 23:37:49', 0),
	(1888, 6, '2011-08-14 23:37:49', 33),
	(1889, 7, '2011-08-14 23:37:49', 1),
	(1890, 8, '2011-08-14 23:37:49', 0),
	(1891, 9, '2011-08-14 23:37:49', 1),
	(1892, 10, '2011-08-14 23:37:49', 1),
	(1893, 11, '2011-08-14 23:37:49', 1),
	(1894, 12, '2011-08-14 23:37:49', 1),
	(1895, 13, '2011-08-14 23:37:49', 1),
	(1896, 1, '2011-08-14 23:37:51', 0),
	(1897, 2, '2011-08-14 23:37:51', 1),
	(1898, 3, '2011-08-14 23:37:51', 1),
	(1899, 4, '2011-08-14 23:37:51', 0),
	(1900, 5, '2011-08-14 23:37:51', 0),
	(1901, 6, '2011-08-14 23:37:51', 33),
	(1902, 7, '2011-08-14 23:37:51', 1),
	(1903, 8, '2011-08-14 23:37:51', 0),
	(1904, 9, '2011-08-14 23:37:51', 1),
	(1905, 10, '2011-08-14 23:37:51', 1),
	(1906, 11, '2011-08-14 23:37:51', 1),
	(1907, 12, '2011-08-14 23:37:51', 1),
	(1908, 13, '2011-08-14 23:37:51', 1),
	(1909, 1, '2011-08-14 23:37:53', 0),
	(1910, 2, '2011-08-14 23:37:53', 1),
	(1911, 3, '2011-08-14 23:37:53', 1),
	(1912, 4, '2011-08-14 23:37:53', 0),
	(1913, 5, '2011-08-14 23:37:53', 0),
	(1914, 6, '2011-08-14 23:37:53', 33),
	(1915, 7, '2011-08-14 23:37:53', 1),
	(1916, 8, '2011-08-14 23:37:53', 0),
	(1917, 9, '2011-08-14 23:37:53', 1),
	(1918, 10, '2011-08-14 23:37:53', 1),
	(1919, 11, '2011-08-14 23:37:53', 1),
	(1920, 12, '2011-08-14 23:37:53', 1),
	(1921, 13, '2011-08-14 23:37:53', 1),
	(1922, 1, '2011-08-14 23:37:55', 0),
	(1923, 2, '2011-08-14 23:37:55', 1),
	(1924, 3, '2011-08-14 23:37:55', 1),
	(1925, 4, '2011-08-14 23:37:55', 0),
	(1926, 5, '2011-08-14 23:37:55', 0),
	(1927, 6, '2011-08-14 23:37:55', 33),
	(1928, 7, '2011-08-14 23:37:55', 1),
	(1929, 8, '2011-08-14 23:37:55', 0),
	(1930, 9, '2011-08-14 23:37:55', 1),
	(1931, 10, '2011-08-14 23:37:55', 1),
	(1932, 11, '2011-08-14 23:37:55', 1),
	(1933, 12, '2011-08-14 23:37:55', 1),
	(1934, 13, '2011-08-14 23:37:55', 1),
	(1935, 1, '2011-08-14 23:43:22', 0),
	(1936, 2, '2011-08-14 23:43:23', 1),
	(1937, 3, '2011-08-14 23:43:23', 1),
	(1938, 4, '2011-08-14 23:43:23', 0),
	(1939, 5, '2011-08-14 23:43:23', 0),
	(1940, 6, '2011-08-14 23:43:23', 33),
	(1941, 7, '2011-08-14 23:43:23', 1),
	(1942, 8, '2011-08-14 23:43:23', 0),
	(1943, 9, '2011-08-14 23:43:23', 1),
	(1944, 10, '2011-08-14 23:43:23', 1),
	(1945, 11, '2011-08-14 23:43:23', 1),
	(1946, 12, '2011-08-14 23:43:23', 1),
	(1947, 13, '2011-08-14 23:43:23', 1),
	(1948, 1, '2011-08-14 23:43:25', 0),
	(1949, 2, '2011-08-14 23:43:25', 1),
	(1950, 3, '2011-08-14 23:43:25', 1),
	(1951, 4, '2011-08-14 23:43:25', 0),
	(1952, 5, '2011-08-14 23:43:25', 0),
	(1953, 6, '2011-08-14 23:43:25', 33),
	(1954, 7, '2011-08-14 23:43:25', 1),
	(1955, 8, '2011-08-14 23:43:25', 0),
	(1956, 9, '2011-08-14 23:43:25', 1),
	(1957, 10, '2011-08-14 23:43:25', 1),
	(1958, 11, '2011-08-14 23:43:25', 1),
	(1959, 12, '2011-08-14 23:43:25', 1),
	(1960, 13, '2011-08-14 23:43:25', 1);
/*!40000 ALTER TABLE `registroeventos` ENABLE KEYS */;


# Dumping structure for procedure hydrodb.RegistroEventos_Insertar
DELIMITER //
CREATE DEFINER=`root`@`%` PROCEDURE `RegistroEventos_Insertar`(IN `dirMem` INT, IN `rtu_num` INT, IN `valor` INT)
    COMMENT 'Inserta un elemento en la tabla Registro Eventos'
BEGIN
	declare ID INT;
   Select @ID:=ID_Actuador From ACTUADOR where (FK_Actuador_RTU = rtu_num)and(direccion_Memoria=dirMem);
			  		
	INSERT INTO REGISTROEVENTOS (valorSeteado,FK_RegistroEventos_Actuador)
	VALUES (valor,@ID);		

END//
DELIMITER ;


# Dumping structure for table hydrodb.rtu
CREATE TABLE IF NOT EXISTS `rtu` (
  `ID_RTU` int(20) NOT NULL,
  `numero_serie` int(20) NOT NULL,
  `sector` varchar(100) COLLATE latin1_spanish_ci DEFAULT NULL,
  `ubicacion` varchar(100) COLLATE latin1_spanish_ci DEFAULT NULL,
  `descripcion` varchar(200) COLLATE latin1_spanish_ci DEFAULT NULL,
  PRIMARY KEY (`ID_RTU`),
  UNIQUE KEY `ID_RTU` (`ID_RTU`)
) ENGINE=InnoDB DEFAULT CHARSET=latin1 COLLATE=latin1_spanish_ci COMMENT='Engloba las unidades de transmisión remota (RTU)';

# Dumping data for table hydrodb.rtu: ~3 rows (approximately)
/*!40000 ALTER TABLE `rtu` DISABLE KEYS */;
REPLACE INTO `rtu` (`ID_RTU`, `numero_serie`, `sector`, `ubicacion`, `descripcion`) VALUES
	(1, 124500712, 'Camara de Carga', 'Exterior', 'RTU que obtiene datos del ingreso de agua a la central'),
	(2, 304972034, 'Turbina1', 'Interior', 'RTU que obtiene datos de la turbina'),
	(3, 155148221, 'Salida', 'Exterior', 'RTU que obtiene datos del desfogue de la planta');
/*!40000 ALTER TABLE `rtu` ENABLE KEYS */;


# Dumping structure for table hydrodb.sensor
CREATE TABLE IF NOT EXISTS `sensor` (
  `ID_sensor` int(11) NOT NULL,
  `FK_Sensor_RTU` int(11) NOT NULL,
  `nomenclatura` varchar(50) COLLATE latin1_spanish_ci DEFAULT NULL,
  `descripcion` varchar(200) COLLATE latin1_spanish_ci DEFAULT NULL,
  `direccion_memoria` int(11) NOT NULL,
  `unidad_medida` varchar(50) COLLATE latin1_spanish_ci DEFAULT NULL,
  `min` int(11) NOT NULL DEFAULT '0',
  `valorLL` int(11) NOT NULL,
  `valorL` int(11) NOT NULL,
  `valorH` int(11) NOT NULL,
  `valorHH` int(11) NOT NULL,
  `max` int(11) NOT NULL,
  `TipoAlerta` int(11) NOT NULL DEFAULT '0',
  PRIMARY KEY (`ID_sensor`),
  KEY `FK_Sensor_RTU` (`FK_Sensor_RTU`),
  CONSTRAINT `FK_Sensor_RTU` FOREIGN KEY (`FK_Sensor_RTU`) REFERENCES `rtu` (`ID_RTU`)
) ENGINE=InnoDB DEFAULT CHARSET=latin1 COLLATE=latin1_spanish_ci COMMENT='Tabla de Sensores y sus características';

# Dumping data for table hydrodb.sensor: ~15 rows (approximately)
/*!40000 ALTER TABLE `sensor` DISABLE KEYS */;
REPLACE INTO `sensor` (`ID_sensor`, `FK_Sensor_RTU`, `nomenclatura`, `descripcion`, `direccion_memoria`, `unidad_medida`, `min`, `valorLL`, `valorL`, `valorH`, `valorHH`, `max`, `TipoAlerta`) VALUES
	(1, 1, 'SCC0001', 'Caudal de Entrada', 40001, 'm^3/seg', 0, 10, 25, 55, 70, 100, 0),
	(2, 1, 'SCC0002', 'Nivel Desborde en Cámara de carga (Diferencia de Agua respecto a la cota superior)', 40002, 'mm', 0, 10, 20, 30, 40, 5000, 0),
	(3, 1, 'SCC0005', 'Presión Tubería Forzada', 40005, 'bar', 0, 3, 5, 12, 15, 30, 3),
	(4, 2, 'ST10001', 'Presión del Lado A de la Válvula Mariposa', 40001, 'bar', 0, 3, 5, 12, 15, 30, 3),
	(5, 2, 'ST10002', 'Presión del Lado B de la Válvula Mariposa', 40002, 'bar', 0, 3, 5, 12, 15, 30, 3),
	(6, 2, 'ST10005', 'Presión Sobre Tapa Turbina', 40005, 'bar', 0, 3, 5, 12, 15, 30, 0),
	(7, 2, 'ST10008', 'Temperatura Cojinetes Guía Superior (CGS)', 40008, 'ºC', 0, 10, 20, 40, 80, 130, 2),
	(8, 2, 'ST10009', 'Temperatura Cojinetes Guía Inferior (CGI)', 40009, 'ºC', 0, 10, 20, 40, 80, 130, 2),
	(9, 2, 'ST10010', 'Temperatura Cojinetes Guía Turbina (CGT)', 40010, 'ºC', 0, 10, 30, 60, 80, 130, 2),
	(10, 2, 'ST10012', 'Estado Sistema Enfriamiento', 40012, 'OK\\ERR', 0, 0, 0, 1, 1, 1, 2),
	(11, 2, 'ST10013', 'Caudal Turbinado', 40013, 'm^3/s', 0, 10, 15, 25, 35, 40, 0),
	(12, 2, 'ST10014', 'Valocidad Giro Turbina', 40014, 'rpm', 0, 50, 100, 200, 300, 333, 0),
	(13, 2, 'ST10020', 'Intensidad Corriente', 40020, 'Amper', 0, 100, 500, 750, 900, 1000, 0),
	(14, 2, 'ST10021', 'Voltaje Generado', 40021, 'Volts', 0, 2000, 5000, 15000, 20000, 24000, 0),
	(15, 3, 'SSA0001', 'Nivel Desfogue', 40001, 'm^3/seg', 0, 10, 20, 25, 30, 40, 0);
/*!40000 ALTER TABLE `sensor` ENABLE KEYS */;


# Dumping structure for table hydrodb.tipousuario
CREATE TABLE IF NOT EXISTS `tipousuario` (
  `ID_TipoUsuario` int(10) NOT NULL AUTO_INCREMENT,
  `Codigo` int(10) NOT NULL,
  `Descripcion` varchar(50) COLLATE latin1_spanish_ci NOT NULL,
  PRIMARY KEY (`ID_TipoUsuario`),
  UNIQUE KEY `Codigo` (`Codigo`),
  UNIQUE KEY `ID_TipoUsuario` (`ID_TipoUsuario`)
) ENGINE=InnoDB AUTO_INCREMENT=5 DEFAULT CHARSET=latin1 COLLATE=latin1_spanish_ci COMMENT='Describe los posibles tipos de usuario del sistema';

# Dumping data for table hydrodb.tipousuario: ~4 rows (approximately)
/*!40000 ALTER TABLE `tipousuario` DISABLE KEYS */;
REPLACE INTO `tipousuario` (`ID_TipoUsuario`, `Codigo`, `Descripcion`) VALUES
	(1, 1, 'Visitante'),
	(2, 2, 'Operario'),
	(3, 3, 'Jefe de Planta'),
	(4, 4, 'Administrador');
/*!40000 ALTER TABLE `tipousuario` ENABLE KEYS */;


# Dumping structure for table hydrodb.usuario
CREATE TABLE IF NOT EXISTS `usuario` (
  `ID_Usuario` int(10) NOT NULL AUTO_INCREMENT,
  `user` varchar(50) COLLATE latin1_spanish_ci NOT NULL,
  `FK_Usuario_TipoUsuario` int(11) NOT NULL,
  `password` varchar(50) COLLATE latin1_spanish_ci NOT NULL,
  PRIMARY KEY (`ID_Usuario`),
  UNIQUE KEY `user` (`user`),
  UNIQUE KEY `ID_Usuario` (`ID_Usuario`),
  KEY `FK_Usuario_TipoUsuario` (`FK_Usuario_TipoUsuario`),
  CONSTRAINT `FK_Usuario_TipoUsuario` FOREIGN KEY (`FK_Usuario_TipoUsuario`) REFERENCES `tipousuario` (`ID_TipoUsuario`)
) ENGINE=InnoDB AUTO_INCREMENT=5 DEFAULT CHARSET=latin1 COLLATE=latin1_spanish_ci COMMENT='Usuarios del Sistema';

# Dumping data for table hydrodb.usuario: ~4 rows (approximately)
/*!40000 ALTER TABLE `usuario` DISABLE KEYS */;
REPLACE INTO `usuario` (`ID_Usuario`, `user`, `FK_Usuario_TipoUsuario`, `password`) VALUES
	(1, 'visitante', 1, '1234'),
	(2, 'operario', 2, '1234'),
	(3, 'jefe', 3, '1234'),
	(4, 'admin', 4, '1234');
/*!40000 ALTER TABLE `usuario` ENABLE KEYS */;
/*!40101 SET SQL_MODE=@OLD_SQL_MODE */;
/*!40014 SET FOREIGN_KEY_CHECKS=@OLD_FOREIGN_KEY_CHECKS */;
/*!40101 SET CHARACTER_SET_CLIENT=@OLD_CHARACTER_SET_CLIENT */;
